author_id,pub_id,title,year,num_citations,url,date_scraped
QW-eo0MAAAAJ,QW-eo0MAAAAJ:mNrWkgRL2YcC,The state of OA: a large-scale analysis of the prevalence and impact of Open Access articles,,1983,https://peerj.com/articles/4375/,2026-09-28 12:02:44
QW-eo0MAAAAJ,QW-eo0MAAAAJ:5icHVeHT4IsC,"The evaluation of scholarship in academic promotion and tenure processes: Past, present, and future",,489,https://pmc.ncbi.nlm.nih.gov/articles/PMC6325612/,2026-09-28 12:02:48
QW-eo0MAAAAJ,QW-eo0MAAAAJ:sJsF-0ZLhtgC,"Use of the Journal Impact Factor in academic review, promotion, and tenure evaluations",,467,https://elifesciences.org/articles/47338,2026-09-28 12:02:51
QW-eo0MAAAAJ,QW-eo0MAAAAJ:uDGL6kOW6j0C,"Why we publish where we do: Faculty publishing values and their relationship to review, promotion and tenure expectations",,374,https://journals.plos.org/plosone/article?id=10.1371/journal.pone.0228914,2026-09-28 12:02:55
QW-eo0MAAAAJ,QW-eo0MAAAAJ:tH6gc1N1XXoC,"How significant are the public dimensions of faculty work in review, promotion and tenure documents?",,300,https://elifesciences.org/articles/42254,2026-09-28 12:02:59
QW-eo0MAAAAJ,QW-eo0MAAAAJ:cWzG1nlazyYC,La reinterpretación de visibilidad y calidad en las nuevas políticas de evaluación de revistas científicas,,183,http://www.scielo.org.co/scielo.php?pid=S0120-09762017000300231&script=sci_arttext,2026-09-28 12:03:02
QW-eo0MAAAAJ,QW-eo0MAAAAJ:kw52XkFRtyQC,Communicating scientific uncertainty in an age of COVID-19: An investigation into the use of preprints by digital media outlets,,169,https://www.tandfonline.com/doi/abs/10.1080/10410236.2020.1864892,2026-09-28 12:03:11
QW-eo0MAAAAJ,QW-eo0MAAAAJ:FAceZFleit8C,"Hecho en Latinoamérica: acceso abierto, revistas académicas e innovaciones regionales",,166,https://www.sidalc.net/search/Record/KOHA-OAI-AGRO:55691/Description,2026-09-28 12:03:06
QW-eo0MAAAAJ,QW-eo0MAAAAJ:_axFR9aDTf0C,Geographic variation in social media metrics: an analysis of Latin American journal articles,,134,https://www.emerald.com/ajim/article/67/3/289/60531,2026-09-28 12:03:17
QW-eo0MAAAAJ,QW-eo0MAAAAJ:WC9gN4BGCRcC,Recalibrating the scope of scholarly publishing: A modest step in a vast decolonization process,,150,https://direct.mit.edu/qss/article-abstract/3/4/912/114119,2026-09-28 12:03:14
QW-eo0MAAAAJ,QW-eo0MAAAAJ:u5HHmVD_uO8C,Open access and scholarly publishing in Latin America: ten flavours and a few reflections| Acesso livre e publicação acadêmica na América Latina: dez sabores e algumas reflexões,,113,https://www.researchgate.net/profile/John-Willinsky/publication/290215790_Open_access_and_scholarly_publishing_in_Latin_America_ten_flavours_and_a_few_reflections_Acesso_livre_e_publicacao_academica_na_America_Latina_dez_sabores_e_algumas_reflexoes/links/56ead58a08ae2a58dc49b301/Open-access-and-scholarly-publishing-in-Latin-America-ten-flavours-and-a-few-reflections-Acesso-livre-e-publicacao-academica-na-America-Latina-dez-sabores-e-algumas-reflexoes.pdf,2026-09-28 12:03:25
QW-eo0MAAAAJ,QW-eo0MAAAAJ:LkGwnXOMwfcC,"Ask not what altmetrics can do for you, but what altmetrics can do for developing countries",,106,https://asistdl.onlinelibrary.wiley.com/doi/abs/10.1002/bult.2013.1720390407,2026-09-28 12:03:29
QW-eo0MAAAAJ,QW-eo0MAAAAJ:8xutWZnSdmoC,Identifying diffusion patterns of research articles on Twitter: A case study of online engagement with open access articles,,117,https://journals.sagepub.com/doi/abs/10.1177/0963662518761733,2026-09-28 12:03:21
QW-eo0MAAAAJ,QW-eo0MAAAAJ:BzfGm06jWhQC,Is it such a big deal? On the cost of journal use in the digital era,,109,https://summit.sfu.ca/item/17710,2026-09-28 12:03:32
QW-eo0MAAAAJ,QW-eo0MAAAAJ:a9-T7VOCCH8C,Open access indicators and scholarly communications in Latin America,,99,https://scholar.google.com/scholar?cluster=2103416582541389498&hl=en&oi=scholarr,2026-09-28 12:03:36
QW-eo0MAAAAJ,QW-eo0MAAAAJ:kh2fBNsKQNwC,The public impact of Latin America's approach to open access,,88,https://search.proquest.com/openview/23e4e5b141a99ed77f33215aa4394fe9/1?pq-origsite=gscholar&cbl=18750&diss=y,2026-09-28 12:03:47
QW-eo0MAAAAJ,QW-eo0MAAAAJ:W7OEmFMy1HYC,Scholarly communication strategies in Latin American´ s research-intensive universities,,86,https://ess.iesalc.unesco.org/index.php/ess3/article/view/v16i2-6,2026-09-28 12:03:44
QW-eo0MAAAAJ,QW-eo0MAAAAJ:9yKSN-GCB0IC,Visibility and quality in Spanish-language Latin American scholarly publishing,,83,http://itidjournal.org/index.php/itid/article/view/639.html,2026-09-28 12:03:40
QW-eo0MAAAAJ,QW-eo0MAAAAJ:OP4eGU-M3BUC,Authorial and institutional stratification in open access publishing: the case of global health research,,87,https://peerj.com/articles/4269/,2026-09-28 12:03:51
QW-eo0MAAAAJ,QW-eo0MAAAAJ:WC23djZS0W4C,"How faculty define quality, prestige, and impact of academic journals",,77,https://journals.plos.org/plosone/article?id=10.1371/journal.pone.0257340,2026-09-28 12:03:55
QW-eo0MAAAAJ,QW-eo0MAAAAJ:_FM0Bhl9EiAC,Open Access indicators: Assessing growth and use of Open Access resources from developing regions: The case of Latin America,,61,https://scholar.google.com/scholar?cluster=1260197301226435236&hl=en&oi=scholarr,2025-12-10 05:05:09
QW-eo0MAAAAJ,QW-eo0MAAAAJ:kVjdVfd2voEC,“When I saw my peers annotating”: Student perceptions of social annotation for learning in multiple courses,,54,https://www.emerald.com/insight/content/doi/10.1108/ILS-12-2019-0128/full/html?ref=able.ac,2025-12-10 05:05:13
QW-eo0MAAAAJ,QW-eo0MAAAAJ:L1USKYWJimsC,"The role of collegiality in academic review, promotion, and tenure",,62,https://journals.plos.org/plosone/article?id=10.1371/journal.pone.0265506,2026-09-28 12:04:11
QW-eo0MAAAAJ,QW-eo0MAAAAJ:0N-VGjzr574C,South America: Citation databases omit local journals.,,51,https://openurl.ebsco.com/contentitem/gcd:96984021?sid=ebsco:plink:crawler-gcd&id=ebsco:gcd:96984021&crl=c&jrnl=00280836,2026-09-28 12:04:25
QW-eo0MAAAAJ,QW-eo0MAAAAJ:rHJHxKgnXwkC,Why I think ending article-processing charges will save open access.,,56,https://europepmc.org/article/med/36224414,2026-09-28 12:04:18
QW-eo0MAAAAJ,QW-eo0MAAAAJ:YsrPvlHIBpEC,An analysis of the suitability of OpenAlex for bibliometric analyses,,102,https://arxiv.org/abs/2404.17663,2026-09-28 12:03:59
QW-eo0MAAAAJ,QW-eo0MAAAAJ:1Ye0OR6EYb4C,Community consensus on core open science practices to monitor in biomedicine,,64,https://journals.plos.org/plosbiology/article?id=10.1371/journal.pbio.3001949,2026-09-28 12:04:21
QW-eo0MAAAAJ,QW-eo0MAAAAJ:Y0pCki6q_DkC,The academic ethics of open access to research and scholarship,,46,https://www.tandfonline.com/doi/abs/10.1080/17449642.2011.632716,2026-09-28 12:04:28
QW-eo0MAAAAJ,QW-eo0MAAAAJ:IaI1MmNe2tcC,13 The Value of Data and Other Non-traditional Scholarly Outputs in Academic Review,,49,https://books.google.com/books?hl=en&lr=&id=WLZNEAAAQBAJ&oi=fnd&pg=PA171&dq=info:ollTQCevsPQJ:scholar.google.com&ots=px3isvsv3s&sig=inV2UXT8qrS8cAOqmw-U3cAG8Bw,2026-09-28 12:04:39
QW-eo0MAAAAJ,QW-eo0MAAAAJ:-mN3Mh-tlDkC,Science in motion: A qualitative analysis of journalists’ use and perception of preprints,,44,https://journals.plos.org/plosone/article?id=10.1371/journal.pone.0277769,2026-09-28 12:04:36
QW-eo0MAAAAJ,QW-eo0MAAAAJ:owLR8QvbtFgC,Las limitaciones de Scopus como fuente de indicadores: Buscando una visibilidad integral para revistas argentinas en ciencias sociales,,46,https://www.scielo.sa.cr/scielo.php?pid=S1659-41422021000200035&script=sci_arttext,2026-09-28 12:04:43
QW-eo0MAAAAJ,QW-eo0MAAAAJ:7H_MAutzIkAC,Analysis of single comments left for bioRxiv preprints till September 2019,,40,https://hrcak.srce.hr/en/clanak/376421%3F,2026-09-28 12:04:47
QW-eo0MAAAAJ,QW-eo0MAAAAJ:2l5NCbZemmgC,Estimating global article processing charges paid to six publishers for open access between 2019 and 2023,,79,https://arxiv.org/abs/2407.16551,2026-09-28 12:04:14
QW-eo0MAAAAJ,QW-eo0MAAAAJ:Se3iqnhoufwC,Brazil’s exception to the world-class university movement,,40,https://www.tandfonline.com/doi/abs/10.1080/13538322.2013.802573,2026-09-28 12:04:51
QW-eo0MAAAAJ,QW-eo0MAAAAJ:4xDN1ZYqzskC,Framing science: How opioid research is presented in online news media,,31,https://www.frontiersin.org/journals/communication/articles/10.3389/fcomm.2020.00064/full,2026-09-28 12:05:05
QW-eo0MAAAAJ,QW-eo0MAAAAJ:Ade32sEp0pkC,Identifying science in the news: An assessment of the precision and recall of Altmetric. com news mention data,,31,https://link.springer.com/article/10.1007/s11192-022-04510-7,2026-09-28 12:05:02
QW-eo0MAAAAJ,QW-eo0MAAAAJ:HtEfBTGE9r8C,"Measuring, rating, supporting, and strengthening open access scholarly publishing in brazil.",,28,https://eric.ed.gov/?id=EJ1100173,2026-03-13 13:26:06
QW-eo0MAAAAJ,QW-eo0MAAAAJ:OR75R8vi5nAC,Local chatter or international buzz? Language differences on posts about Zika research on Twitter and Facebook,,31,https://journals.plos.org/plosone/article?id=10.1371/journal.pone.0190482,2026-09-28 12:05:12
QW-eo0MAAAAJ,QW-eo0MAAAAJ:-7ulzOJl1JYC,“Influencers” or “Doctors”? Physicians’ presentation of self in YouTube and Facebook videos,,30,https://ijoc.org/index.php/ijoc/article/view/19700,2025-12-10 05:06:00
QW-eo0MAAAAJ,QW-eo0MAAAAJ:yxmsSjX2EkcC,Using social annotation to construct knowledge with others: A case study across undergraduate courses,,35,https://pmc.ncbi.nlm.nih.gov/articles/PMC8938630/,2026-09-28 12:05:08
QW-eo0MAAAAJ,QW-eo0MAAAAJ:LdasjJ6CEcoC,How much research shared on Facebook happens outside of public pages and groups? A comparison of public and private online activity around PLOS ONE papers,,30,https://direct.mit.edu/qss/article-abstract/1/2/749/96145,2026-09-28 12:05:15
QW-eo0MAAAAJ,QW-eo0MAAAAJ:2VqYfGB8ITEC,A brief survey on peer review in scholarly communication,,24,https://scholar.google.com/scholar?cluster=10951302768564561192&hl=en&oi=scholarr,2026-09-28 12:05:19
QW-eo0MAAAAJ,QW-eo0MAAAAJ:ziOE8S1-AIUC,We need to rethink the way we identify diamond open access journals in quantitative science studies,,42,https://direct.mit.edu/qss/article/5/4/1042/124449,2026-09-28 12:04:58
QW-eo0MAAAAJ,QW-eo0MAAAAJ:HGTzPopzzJcC,Making science public: a review of journalists’ use of Open Access research,,24,https://pmc.ncbi.nlm.nih.gov/articles/PMC10618641/,2026-09-28 12:05:23
QW-eo0MAAAAJ,QW-eo0MAAAAJ:_OXeSy2IsFwC,Revistas científicas hechas en Latinoamérica,,18,https://scholar.google.com/scholar?cluster=6984371290703755398&hl=en&oi=scholarr,2026-09-28 12:05:34
QW-eo0MAAAAJ,QW-eo0MAAAAJ:IUKN3-7HHlwC,On the peripheries of scholarly infrastructure: a look at the journals using open journal systems,,16,https://inis.iaea.org/records/vcdsd-r7b97,2026-03-13 13:26:45
QW-eo0MAAAAJ,QW-eo0MAAAAJ:jL-93Qbq4QoC,Sobre luces y sombras: Las revistas científicas hechas en Latinoamérica,,21,https://scholar.google.com/scholar?cluster=68921422729320731&hl=en&oi=scholarr,2026-09-28 12:05:26
QW-eo0MAAAAJ,QW-eo0MAAAAJ:lvd772isFD0C,Making headlines: an analysis of US government-funded cancer research mentioned in online media,,18,https://bmjopen.bmj.com/content/9/2/e025783.abstract,2026-09-28 12:05:48
QW-eo0MAAAAJ,QW-eo0MAAAAJ:XvxMoLDsR5gC,Exploring altmetrics in an emerging country context,,16,https://scholar.google.com/scholar?cluster=5927638455828403875&hl=en&oi=scholarr,2026-09-28 12:06:06
QW-eo0MAAAAJ,QW-eo0MAAAAJ:d1gkVwhDpl0C,Publicación en línea con Open Journal Systems (OJS): aspectos importantes,,16,https://scholar.google.com/scholar?cluster=14015674882563791507&hl=en&oi=scholarr,2026-09-28 12:05:55
QW-eo0MAAAAJ,QW-eo0MAAAAJ:BrOSOlqYqPUC,The oligopoly of academic publishers persists in exclusive database,,21,https://arxiv.org/abs/2406.17893,2026-09-28 12:05:30
QW-eo0MAAAAJ,QW-eo0MAAAAJ:jE2MZjpN3IcC,Second-order citations in altmetrics: A case study analyzing the audiences of COVID-19 research in the news and on social media,,24,https://direct.mit.edu/qss/article/5/2/366/119837,2026-09-28 12:05:41
QW-eo0MAAAAJ,QW-eo0MAAAAJ:vDZJ-YLwNdEC,Politicians & the public: The analysis of political communication in social media,,16,https://asistdl.onlinelibrary.wiley.com/doi/abs/10.1002/pra2.2018.14505501071,2026-09-28 12:05:59
QW-eo0MAAAAJ,QW-eo0MAAAAJ:4fGpz3EwCPoC,Moving beyond counts: A method for surveying Twitter users,,13,https://scholar.google.com/scholar?cluster=16280062196989141490&hl=en&oi=scholarr,2026-09-28 12:06:03
QW-eo0MAAAAJ,QW-eo0MAAAAJ:-jrNzM816MMC,Unreviewed science in the news: The evolution of preprint media coverage from 2014–2021,,17,https://direct.mit.edu/qss/article/5/2/297/118871,2026-09-28 12:06:10
QW-eo0MAAAAJ,QW-eo0MAAAAJ:ZzlSgRqYykMC,Open Access in Latin America: A paragon for the rest of the world,,14,https://www.authorea.com/doi/pdf/10.15200/winn.143982.27959,2026-09-28 12:05:52
QW-eo0MAAAAJ,QW-eo0MAAAAJ:-nhnvRiOwuoC,Details of publications using software by the Public Knowledge Project,,18,https://scholar.google.com/scholar?cluster=18217087362286256086&hl=en&oi=scholarr,2026-09-28 12:05:44
QW-eo0MAAAAJ,QW-eo0MAAAAJ:1taIhTC69MYC,O uso de mídias sociais por acadêmicos brasileiros,,9,https://scholar.google.com/scholar?cluster=1099789283412167109&hl=en&oi=scholarr,2026-09-28 12:06:32
QW-eo0MAAAAJ,QW-eo0MAAAAJ:9c2xU6iGI7YC,Altmetrics could enable scholarship from developing countries to receive due recognition.,,10,https://eprints.lse.ac.uk/71124/1/blogs.lse.ac.uk-Altmetrics%20could%20enable%20scholarship%20from%20developing%20countries%20to%20receive%20due%20recognition.pdf,2026-09-28 12:06:18
QW-eo0MAAAAJ,QW-eo0MAAAAJ:QsaTk4IG4EwC,World scaled by number of documents in Web of Science by Authors Living There,,9,https://scholar.google.com/scholar?cluster=3389503704476485273&hl=en&oi=scholarr,2026-09-28 12:06:25
QW-eo0MAAAAJ,QW-eo0MAAAAJ:yMeIxYmEMEAC,"Scholarly publishing, freedom of information and academic self-determination: The UNAM-Elsevier case",,9,https://city.figshare.com/articles/journal_contribution/Scholarly_Publishing_Freedom_of_Information_and_Academic_Self-Determination_The_UNAM-Elsevier_Case/5632657/files/9809422.pdf,2026-09-28 12:06:35
QW-eo0MAAAAJ,QW-eo0MAAAAJ:GtLg2Ama23sC,Teaching Data Analysis in the Social Sciences: A case study with article level metrics,,9,https://www.academia.edu/download/91399707/Book-Open-Data-as-Open-Educational-Resources1.pdf#page=50,2026-09-28 12:06:21
QW-eo0MAAAAJ,QW-eo0MAAAAJ:4hFrxpcac9AC,Intermediation in Open Development: A Knowledge Stewardship Approach,,9,https://arulchib.com/sirca/www.gmj.uottawa.ca/1601/v9i1_reilly%20and%20alperin.pdf,2026-09-28 12:06:14
QW-eo0MAAAAJ,QW-eo0MAAAAJ:u-x6o8ySG0sC,OJS: Sistema de gestión de revistas electrónicas,,9,https://scholar.google.com/scholar?cluster=1308867547326861437&hl=en&oi=scholarr,2025-12-10 05:07:51
QW-eo0MAAAAJ,QW-eo0MAAAAJ:U_HPUtbDl20C,The neglect of equity and inclusion in open science policies of Europe and the Americas,,11,https://preprints.scielo.org/index.php/scielo/preprint/view/7366,2026-09-28 12:06:55
QW-eo0MAAAAJ,QW-eo0MAAAAJ:0CzhzZyukY4C,The Public Knowledge Project: Reflections and Directions After Its First Two Decades,,8,https://manager.episciences.org/elpub/4606,2026-09-28 12:06:47
QW-eo0MAAAAJ,QW-eo0MAAAAJ:7wO8s98CvbsC,Latin America’s longstanding open access ecosystem could be undermined by proposals from the Global North [LSE Latin America and Caribbean],,10,https://scholar.google.com/scholar?cluster=6802922365893678832&hl=en&oi=scholarr,2026-09-28 12:01:39
QW-eo0MAAAAJ,QW-eo0MAAAAJ:LXmCCkuhhTsC,World scaled by number of documents with authors from each country in Web of Science: 2016,,7,https://scholar.google.com/scholar?cluster=2224950312898235491&hl=en&oi=scholarr,2026-09-28 12:06:58
QW-eo0MAAAAJ,QW-eo0MAAAAJ:WAzi4Gm8nLoC,“The best home for this paper”: A qualitative study of how authors select where to submit manuscripts,,15,https://reference-global.com/article/10.5334/pme.1517,2026-09-28 12:06:28
QW-eo0MAAAAJ,QW-eo0MAAAAJ:MpfHP-DdYjUC,Have You Seen This? Why Political Pundits Share Scholarly Research on Social Media,,6,https://src-online.ca/index.php/src/article/view/355,2026-03-13 13:28:14
QW-eo0MAAAAJ,QW-eo0MAAAAJ:gVv57TyPmFsC,Challenges of capturing engagement on Facebook for Altmetrics,,5,https://arxiv.org/abs/1809.01194,2026-03-13 13:28:26
QW-eo0MAAAAJ,QW-eo0MAAAAJ:P7Ujq4OLJYoC,Introducing Texture: An Open Source WYSIWYG Javascript Editor for JATS,,6,https://summit.sfu.ca/item/17711,2026-03-13 13:28:18
QW-eo0MAAAAJ,QW-eo0MAAAAJ:bKqednn6t2AC,Applying social network analysis to explore Twitter diffusion patterns,,7,https://scholar.google.com/scholar?cluster=11502577804948328759&hl=en&oi=scholarr,2026-09-28 12:07:01
QW-eo0MAAAAJ,QW-eo0MAAAAJ:PyEswDtIyv0C,Identifying metadata quality issues across cultures,,16,https://crl.acrl.org/index.php/crl/article/view/26625,2026-09-28 12:06:51
QW-eo0MAAAAJ,QW-eo0MAAAAJ:rmuvC79q63oC,"The Public Knowledge Project XML Publishing Service and meTypeset: Don't call it"" Yet Another Word-to-JATS Conversion Kit""",,5,https://www.ncbi.nlm.nih.gov/books/NBK279666,2026-03-13 13:28:30
QW-eo0MAAAAJ,QW-eo0MAAAAJ:zYLM7Y9cAGgC,El uso de Internet con software libre y fuentes espaciales abiertas para colaborar en la toma de decisiones,,5,http://www.geofocus.org/index.php/geofocus/article/view/150,2026-03-13 13:28:34
QW-eo0MAAAAJ,QW-eo0MAAAAJ:silx2ntsSuwC,Scholarly publishing’s hidden diversity: How exclusive databases sustain the oligopoly of academic publishers,,40,https://journals.plos.org/plosone/article?id=10.1371/journal.pone.0327015,2026-09-28 12:05:37
QW-eo0MAAAAJ,QW-eo0MAAAAJ:69ZgNCALVd0C,Preprint servers and journals: rivals or allies?,,9,https://www.emerald.com/jd/article-abstract/81/4/847/1251954,2026-09-28 12:06:43
QW-eo0MAAAAJ,QW-eo0MAAAAJ:TlpoogIpr_IC,The impact of COVID-19 on the debate on open science: a qualitative analysis of published materials from the period of the pandemic,,6,https://www.nature.com/articles/s41599-024-03804-w,2026-03-13 13:28:07
QW-eo0MAAAAJ,QW-eo0MAAAAJ:kzcSZmkxUKAC,An open dataset of article processing charges from six large scholarly publishers (2019-2023),,6,https://arxiv.org/abs/2406.08356,2026-03-13 13:28:10
QW-eo0MAAAAJ,QW-eo0MAAAAJ:mKu_rENv82IC,Why do health professionals create content on social media? Uses and gratifications of Egyptian “physician vloggers” on YouTube,,4,https://www.thejsms.org/index.php/JSMS/article/view/1287,2026-09-28 12:01:43
QW-eo0MAAAAJ,QW-eo0MAAAAJ:WHdLCjDvYFkC,Global country-level patterns of Mendeley readership performance compared to citation performance: does Mendeley provide a different picture on the impact of scientific publications across countries?,,3,https://scholarlypublications.universiteitleiden.nl/handle/1887/87760,2026-09-28 12:00:47
QW-eo0MAAAAJ,QW-eo0MAAAAJ:4vMrXwiscB8C,Twitter bot surveys: A discrete choice experiment to increase response rates,,4,https://dl.acm.org/doi/abs/10.1145/3097286.3097313,2026-03-13 13:28:49
QW-eo0MAAAAJ,QW-eo0MAAAAJ:JTqpx9DYBaYC,On the open road to universal indexing: OpenAlex and Open Journal Systems,,4,https://direct.mit.edu/qss/article/doi/10.1162/QSS.a.17/132192,2026-03-13 13:28:41
QW-eo0MAAAAJ,QW-eo0MAAAAJ:3bvyWxjaHKcC,"Open data journalism: A narrative synthesis of how, when, and why data journalists use open data sources",,3,https://osf.io/preprints/socarxiv/wh8jx,2026-03-13 13:28:57
QW-eo0MAAAAJ,QW-eo0MAAAAJ:Ak0FvsSvgGUC,Using a diabetes discussion forum and Wikipedia to detect the alignment of public interests and the research literature,,3,https://www.biorxiv.org/content/10.1101/496927.abstract,2026-03-13 13:29:08
QW-eo0MAAAAJ,QW-eo0MAAAAJ:2tRrZ1ZAMYUC,"Collecting, Calculating and Displaying Altmetrics with Open Source",,3,https://summit.sfu.ca/item/18390,2026-03-13 13:29:12
QW-eo0MAAAAJ,QW-eo0MAAAAJ:qjMakFHDy7sC,Academic Publishing in a Global Context: The Politics and Practices of Publishing in English (review),,3,https://muse.jhu.edu/pub/50/article/443933/summary,2026-03-13 13:29:15
QW-eo0MAAAAJ,QW-eo0MAAAAJ:rTD5ala9j4wC,Stark decline in journalists’ use of preprints postpandemic,,4,https://journals.sagepub.com/doi/abs/10.1177/10755470241285405,2026-03-13 13:28:38
QW-eo0MAAAAJ,QW-eo0MAAAAJ:QUX0mv85b1cC,Bridging science communication and open science—Working inclusively toward the common good,,4,https://www.frontiersin.org/journals/communication/articles/10.3389/fcomm.2024.1473268/full,2026-03-13 13:28:45
QW-eo0MAAAAJ,QW-eo0MAAAAJ:raTqNPD5sRQC,Acceso abierto en Argentina Una propuesta para el monitoreo de las publicaciones científicas con OpenAlex,,5,https://www.scielo.org.ar/scielo.php?pid=S1851-17402024000100029&script=sci_abstract&tlng=en,2026-03-13 13:28:22
QW-eo0MAAAAJ,QW-eo0MAAAAJ:CdxZDUztZiMC,Establishing a core set of open science practices in biomedicine: a modified Delphi study,,2,https://www.medrxiv.org/content/10.1101/2022.06.27.22276964.abstract,2026-03-19 17:47:28
QW-eo0MAAAAJ,QW-eo0MAAAAJ:Bg7qf7VwUHIC,Using social media metrics to identify science communicators in Canada,,2,https://www.academia.edu/download/121426577/2018_Using_social_media_metrics_to_identify_science_com.pdf,2026-03-19 17:47:32
QW-eo0MAAAAJ,QW-eo0MAAAAJ:HtS1dXgVpQUC,Twitter audiences overlap in informetrics research,,2,https://www.researchgate.net/profile/Amin-Erfanmanesh/publication/319644105_Twitter_Audiences_Overlap_in_Informetrics_Research/links/59cc8accaca272bb050f9a44/Twitter-Audiences-Overlap-in-Informetrics-Research.pdf,2026-03-19 17:47:36
QW-eo0MAAAAJ,QW-eo0MAAAAJ:PaBasH6fAo0C,Quality in the Open Scholarly Communication of Latin America,,0,http://pfigshare-u-files.s3.amazonaws.com/3116393/PKP_FLACSO_IDRC_Proposal_public.pdf,2026-09-28 12:02:06
QW-eo0MAAAAJ,QW-eo0MAAAAJ:ufrVoPGSRksC,"Science that is not seen, does not exist: a review of the RedALyC. org Web Portal",,2,https://scholar.google.com/scholar?cluster=6912163265072039199&hl=en&oi=scholarr,2026-03-19 17:47:39
QW-eo0MAAAAJ,QW-eo0MAAAAJ:65Yg0jNCQDAC,Open data in data journalism: Opportunities and future directions,,6,https://cjc.utppublishing.com/doi/abs/10.3138/cjc-2023-0040,2026-03-13 13:28:03
QW-eo0MAAAAJ,QW-eo0MAAAAJ:DkZNVXde3BIC,Publisher preferences for a journal transparency tool: A modified three-round Delphi study,,2,https://pmc.ncbi.nlm.nih.gov/articles/PMC11880752/,2026-03-19 17:47:43
QW-eo0MAAAAJ,QW-eo0MAAAAJ:pS0ncopqnHgC,From impact metrics and open science to communicating research: Journalists’ awareness of academic controversies,,2,https://journals.plos.org/plosone/article?id=10.1371/journal.pone.0309274,2026-03-19 17:47:47
QW-eo0MAAAAJ,QW-eo0MAAAAJ:mWEH9CqjF64C,‘Does it ‘feel like a scientific paper?’: a qualitative analysis of preprint servers’ moderation and quality assurance processes,,1,https://osf.io/download/mp6ky/,2026-03-19 17:47:50
QW-eo0MAAAAJ,QW-eo0MAAAAJ:SGW5VrABaM0C,“I’d like to think I’d be able to spot one if I saw one”: How science journalists navigate predatory journals,,1,https://www.biorxiv.org/content/10.1101/2024.07.24.604934.abstract,2026-03-19 17:47:53
QW-eo0MAAAAJ,QW-eo0MAAAAJ:DrR-2ekChdkC,The impact of COVID-19 on the debate on open science: An analysis of expert opinion,,2,https://osf.io/download/xy874,2026-03-19 17:47:24
QW-eo0MAAAAJ,QW-eo0MAAAAJ:SjuI4pbJlxcC,Bringing efficiencies to tens of thousands of journals: The role of Open Source,,1,https://morepress.unizd.hr/journals/index.php/pubmet/article/view/3924,2026-03-19 17:47:57
QW-eo0MAAAAJ,QW-eo0MAAAAJ:3NQIlFlcGxIC,Doctors on YouTube: Exploring the uses and gratifications of health vloggers,,1,https://www.academia.edu/download/105616926/preprint_draft_27447_2.pdf__filename_UTF-8preprint_draft_27447_20_282_29.pdf,2026-03-19 17:48:01
QW-eo0MAAAAJ,QW-eo0MAAAAJ:gKiMpY-AVTkC,Uncovering the Path from Mendeley Readership to Citations,,1,https://scholar.google.com/scholar?cluster=15713856243000962872&hl=en&oi=scholarr,2026-03-19 17:48:05
QW-eo0MAAAAJ,QW-eo0MAAAAJ:yFnVuubrUp4C,The reward (eco) system of science: More than the sum of its parts,,1,https://crctcs.openum.ca/files/sites/60/2016/09/Desrochers-et-al.fishbowl_STI2016.pdf,2026-03-19 17:48:09
QW-eo0MAAAAJ,QW-eo0MAAAAJ:MAUkC_7iAq8C,How contributing to open source launched my academic career,,1,,2026-03-19 17:48:12
QW-eo0MAAAAJ,QW-eo0MAAAAJ:WJVC3Jt7v1AC,Open Letter to The American Association for the Advancement of Science,,1,,2026-03-19 17:48:16
QW-eo0MAAAAJ,QW-eo0MAAAAJ:IjCSPb-OGe4C,A spatio-temporal model for the evaluation of education quality in Peru,,1,https://uwspace.uwaterloo.ca/items/eebadd36-cc5c-41e8-b314-08901d138ad8,2026-03-19 17:48:20
QW-eo0MAAAAJ,QW-eo0MAAAAJ:DyXnQzXoVgIC,“i’d Like to Think I’d be Able to Spot one”: How Journalists Navigate Predatory Journals,,1,https://www.tandfonline.com/doi/abs/10.1080/17512786.2025.2551984,2026-03-19 17:48:23
QW-eo0MAAAAJ,QW-eo0MAAAAJ:SIv7DqKytYAC,Citation Parsing and Analysis with Language Models,,0,https://arxiv.org/abs/2505.15948,2026-03-19 17:48:27
QW-eo0MAAAAJ,QW-eo0MAAAAJ:Xl6nMSl579sC,“It’s messy and it’s massive”: How has the open science debate developed in the post-COVID era?,,1,https://pmc.ncbi.nlm.nih.gov/articles/PMC12171716/,2026-03-19 17:48:30
QW-eo0MAAAAJ,QW-eo0MAAAAJ:k_7cPK9k7w8C,Towards an inclusive Open Science: examining EDI and public participation in policy documents across Europe and the Americas,,2,https://royalsocietypublishing.org/rsos/article-abstract/12/4/240857/235467,2026-03-19 17:48:34
QW-eo0MAAAAJ,QW-eo0MAAAAJ:UuEBAcK4md4C,Evaluating Multilingual Metadata Quality in Crossref,,0,https://arxiv.org/abs/2503.11853,2026-03-19 17:48:38
QW-eo0MAAAAJ,QW-eo0MAAAAJ:SnGPuo6Feq8C,Annual article processing charges for six large scholarly publishers,,0,https://ruor.uottawa.ca/items/e7162109-f5dc-4b39-a9e8-816876b0f267,2026-03-19 17:48:41
QW-eo0MAAAAJ,QW-eo0MAAAAJ:An6A6Jpfc1oC,A scoping review of National and International Open Science Action Plans,,0,https://osf.io/dre3b/resources,2025-12-10 05:11:03
QW-eo0MAAAAJ,QW-eo0MAAAAJ:Hck25ST_3aIC,The Impact of COVID-19 on the Debate on Open Science,,0,https://thestacks.libaac.de/entities/publication/e70a4641-87b1-4894-908a-22300f5b96b2,2026-03-19 17:48:45
QW-eo0MAAAAJ,QW-eo0MAAAAJ:eO3_k5sD8BwC,Comunicado de imprensa como indicador de atenção social qualificada da ciência: a construção de um banco de dados e suas potencialidades,,0,https://search.proquest.com/openview/87716f94569bb5d4697c5fd82747863a/1?pq-origsite=gscholar&cbl=5008010,2026-03-19 17:48:48
QW-eo0MAAAAJ,QW-eo0MAAAAJ:EPG8bYD4jVwC,Acceso abierto en Argentina. Una propuesta para el monitoreo de las publicaciones científicas con OpenAlex,,0,http://dspace5.filo.uba.ar/handle/filodigital/17740,2026-03-19 17:48:52
QW-eo0MAAAAJ,QW-eo0MAAAAJ:5bg8sr1QxYwC,Making science public: a review of journalists’ use of Open Science research,,0,https://search.proquest.com/openview/4691de1897e57270bd5446ceac688646/1?pq-origsite=gscholar&cbl=2045578,2026-03-19 17:48:56
QW-eo0MAAAAJ,QW-eo0MAAAAJ:Br1UauaknNIC,Social media and altmetrics,,0,https://www.elgaronline.com/abstract/edcoll/9781800372542/9781800372542.00020.xml,2026-03-19 17:48:59
QW-eo0MAAAAJ,QW-eo0MAAAAJ:rbm3iO8VlycC,User-centred design in indicator development: Involving the biomedical community in building an open science dashboard,,0,https://juser.fz-juelich.de/record/1027206/files/62.pdf,2026-03-19 17:49:02
QW-eo0MAAAAJ,QW-eo0MAAAAJ:KaMxkj08jr0C,El presente y el futuro del Open Journal Systems (OJS),,0,https://sedici.unlp.edu.ar/handle/10915/148879,2026-03-19 17:49:06
QW-eo0MAAAAJ,QW-eo0MAAAAJ:wKETBy42zhYC,Presenting Preprints: Are Library Publishers the New Facebook?,,0,https://eprints.bbk.ac.uk/id/eprint/44277/?utm_source=feedburner&utm_medium=email&utm_campaign=Feed%3A+OATP-Primary+%28OATP+primary%29,2026-03-19 17:49:10
QW-eo0MAAAAJ,QW-eo0MAAAAJ:HhcuHIWmDEUC,2 A Stewardship Approach to Theorizing Open Data for Development,,0,https://www.academia.edu/download/65711540/ChibBentleySmith_CriticalOpenDev_MITPress2021.pdf#page=40,2026-03-19 17:49:13
QW-eo0MAAAAJ,QW-eo0MAAAAJ:1DsIQWDZLl8C,13 Three Problems Facing Civil Society Organizations in the Development Sector in Adopting Open Institutional Design,,0,https://idl-bnc-idrc.dspacedirect.org/bitstream/handle/10625/59698/IDL-59698.pdf#page=258,2025-12-10 05:11:39
QW-eo0MAAAAJ,QW-eo0MAAAAJ:yqoGN6RLRZoC,Failure of Access: Rethinking Open Education-Panel Discussion,,0,https://summit.sfu.ca/item/17140,2026-03-19 17:49:19
QW-eo0MAAAAJ,QW-eo0MAAAAJ:r_AWSJRzSzQC,Failure of Access: Rethinking Open Education-Keynote Presentation,,0,https://summit.sfu.ca/item/17141,2026-03-19 17:49:23
QW-eo0MAAAAJ,QW-eo0MAAAAJ:GFxP56DSvIMC,Acknowledgement to Reviewers of Publications in,,0,https://pdfs.semanticscholar.org/a184/27de943574dd28fda5f1d7cf428ea8ba2dad.pdf,2026-03-19 17:49:27
QW-eo0MAAAAJ,QW-eo0MAAAAJ:dBIO0h50nwkC,Envisioning a World Beyond APCs/BPCs,,0,https://kuscholarworks.ku.edu/entities/publication/26bbdbc8-d9d6-4f0c-acd6-fdac1bfda22b,2026-03-19 17:49:30
QW-eo0MAAAAJ,QW-eo0MAAAAJ:CaZNVDsoPx4C,Los retos del acceso abierto a las publicaciones científicas: una mirada desde la perspectiva de los diferentes actores,,0,https://repositorio.usil.edu.pe/items/3a037841-3d1c-49dc-bcc8-e801bb9f0942,2026-03-19 17:49:34
QW-eo0MAAAAJ,QW-eo0MAAAAJ:zCSUwVk65WsC,¿ Quién lee las revistas de acceso abierto de América Latina?,,0,https://scholar.google.com/scholar?cluster=2515626081852126093&hl=en&oi=scholarr,2026-03-19 17:49:38
QW-eo0MAAAAJ,QW-eo0MAAAAJ:6_hjMsCP8ZoC,How to reach a wider audience for your research,,0,https://search.proquest.com/openview/09442e8907a4f92a0089b4bfc78f45e1/1?pq-origsite=gscholar&cbl=5572319,2026-03-19 17:49:42
QW-eo0MAAAAJ,QW-eo0MAAAAJ:8d8msizDQcsC,Open Access Week 2015: Open for Collaboration,,0,https://scholar.google.com/scholar?cluster=12790890604288427518&hl=en&oi=scholarr,2026-03-19 17:49:46
QW-eo0MAAAAJ,QW-eo0MAAAAJ:hsZV8lGYWTMC,Aslib Journal of Information Management,,0,https://scholar.google.com/scholar?cluster=9247075652987496823&hl=en&oi=scholarr,2026-03-19 17:49:49
QW-eo0MAAAAJ,QW-eo0MAAAAJ:5qfkUJPXOUwC,Science without borders: are technology and policy limiting internationalization?,,0,https://www.researchtrends.com/cgi/viewcontent.cgi?article=1176&context=researchtrends,2026-03-19 17:49:53
QW-eo0MAAAAJ,QW-eo0MAAAAJ:lgwcVrK6X84C,Smarter Scholarly Texts within OJS: Open XML Production and More,,0,https://scholar.google.com/scholar?cluster=12877022344363464935&hl=en&oi=scholarr,2026-09-28 12:01:48
QW-eo0MAAAAJ,QW-eo0MAAAAJ:_FxGoFyzp5QC,Viejos y Nuevos Desafíos Para las Publicaciones Académicas en Español,,0,,2026-09-28 12:01:52
QW-eo0MAAAAJ,QW-eo0MAAAAJ:sNmaIFBj_lkC,Educación Superior y Sociedad,,0,https://www.academia.edu/download/56913437/Jorge_Delgado_-_ESS_2011162_-_Eng_plus_Spa.pdf,2025-12-10 05:12:29
QW-eo0MAAAAJ,QW-eo0MAAAAJ:UmS_249rOGwC,De Acceso Abierto a Ciencia Abierta: Lecciones de PKP en América Latina,,0,https://preprints.scielo.org/index.php/scielo/preprint/view/13026,2026-09-28 12:02:00
QW-eo0MAAAAJ,QW-eo0MAAAAJ:HJSXoJQnj-YC,ScholCommLab co-director receives funding to analyze patterns of how research data is cited and reused,,0,https://www.scholcommlab.ca/author/scholcommlab/page/2/,2025-12-10 05:12:40
QW-eo0MAAAAJ,QW-eo0MAAAAJ:U4n9YNQMCAIC,Green Open Access,,0,https://pdfs.semanticscholar.org/eb99/607a6935837d87851be6427c17fd440f2e0c.pdf,2026-09-28 12:02:10
QW-eo0MAAAAJ,QW-eo0MAAAAJ:jgBuDB5drN8C,Delayed Open Access,,0,https://pdfs.semanticscholar.org/fba2/f178b4bbbd2a03dd17168c3c837caea67927.pdf,2026-09-28 12:02:14
QW-eo0MAAAAJ,QW-eo0MAAAAJ:1lhNe0rCu4AC,"Analyzing Preprints: The challenges of working with metadata from bioRxiv October 10, 2019| In Blog, Preliminary Findings, Research",,0,https://www.scholcommlab.ca/2019/10/10/preprints-challenges-part-three/,2026-09-28 12:02:18
QW-eo0MAAAAJ,QW-eo0MAAAAJ:otzGkya1bYkC,Comparing public and private Facebook activity linking to PLOS ONE papers,,0,https://scholar.google.com/scholar?cluster=13597243711844025289&hl=en&oi=scholarr,2026-09-28 12:02:22
QW-eo0MAAAAJ,QW-eo0MAAAAJ:buQ7SEKw-1sC,"Do universities reward the public dimensions of faculty work? An analysis of review, promotion, and tenure documents",,0,https://www.scholcommlab.ca/wp-content/uploads/2018/09/Publicness-in-RPT.pdf,2026-09-28 12:02:26
QW-eo0MAAAAJ,QW-eo0MAAAAJ:6yz0xqPARnAC,"The evaluation of scholarship in academic promotion and tenure processes: Past, present, and future [version 1; referees",,0,https://scholar.google.com/scholar?cluster=3965415486587237154&hl=en&oi=scholarr,2026-09-28 12:02:29
QW-eo0MAAAAJ,QW-eo0MAAAAJ:ODE9OILHJdcC,"GeoNetViz: Geography, Networks, and Multilevel Data: An Accessible Visualization Tool for Social Scientists",,0,https://scholar.google.com/scholar?cluster=12291843992343513759&hl=en&oi=scholarr,2026-09-28 12:02:33
QW-eo0MAAAAJ,QW-eo0MAAAAJ:DJbcl8HfkQkC,Comparing topics of interest in forum discussions and research articles in search of new indicators of the public’s interest in Diabetes,,0,https://scholar.google.com/scholar?cluster=314636451655301902&hl=en&oi=scholarr,2026-09-28 12:02:37
QW-eo0MAAAAJ,QW-eo0MAAAAJ:mlAyqtXpCwEC,"Hebe Vessuri, Open Access in Latin America: a Paragon for the Rest of the World, The Winnower 2: e143982. 27959, 2015, DOI: 10.15200/winn. 143982.27959 Alperin et al",,0,https://www.academia.edu/download/111540639/25921d9d169c8625dd162fcbbdfd5339a20a.pdf,2025-12-10 05:13:16
QW-eo0MAAAAJ,QW-eo0MAAAAJ:_5tno0g5mFcC,Las limitaciones de los indicadores bibliometricos y las oportunidades del acceso abierto en América Latina,,0,https://repositorio.pucp.edu.pe/bitstreams/0b372209-9c7a-44df-b629-42244e37d11e/download,2026-09-28 12:02:40
QW-eo0MAAAAJ,QW-eo0MAAAAJ:CYCckWUYoCcC,Who owns our knowledge? Rethinking Publishing in a Scholar-Led World,,0,https://scholarworks.uni.edu/cgi/viewcontent.cgi?article=1025&context=oaweek,2025-12-10 05:12:33
QW-eo0MAAAAJ,QW-eo0MAAAAJ:_FM0Bhl9EiAC,Open Access indicators: assessing growth and use of open access resources from developing regions: the case of Latin America,,62,https://scholar.google.com/scholar?cluster=1260197301226435236&hl=en&oi=scholarr,2026-09-28 12:04:03
QW-eo0MAAAAJ,QW-eo0MAAAAJ:kVjdVfd2voEC,“When I saw my peers annotating” Student perceptions of social annotation for learning in multiple courses,,62,https://www.emerald.com/ils/article/121/3-4/207/169794,2026-09-28 12:04:07
QW-eo0MAAAAJ,QW-eo0MAAAAJ:sNmaIFBj_lkC,Papel del acceso abierto en el surgimiento y consolidación de las revistas arbitradas en América Latina y el Caribe,,45,https://ess.iesalc.unesco.org/index.php/ess3/article/view/v16i2-5,2026-09-28 12:04:32
QW-eo0MAAAAJ,QW-eo0MAAAAJ:-7ulzOJl1JYC,“Influencers” or “doctors”? Physicians’ presentation of self in YouTube and Facebook videos,,44,https://ijoc.org/index.php/ijoc/article/view/19700,2026-09-28 12:04:54
QW-eo0MAAAAJ,QW-eo0MAAAAJ:7wO8s98CvbsC,Latin America’s longstanding open access ecosystem could be undermined by proposals from the Global North,,9,https://scholar.google.com/scholar?cluster=10042118199532447699&hl=en&oi=scholarr,2026-03-13 13:27:28
QW-eo0MAAAAJ,QW-eo0MAAAAJ:u-x6o8ySG0sC,OJS: sistema de gestión de revistas electrónicas,,9,https://scholar.google.com/scholar?cluster=1308867547326861437&hl=en&oi=scholarr,2026-09-28 12:06:40
QW-eo0MAAAAJ,QW-eo0MAAAAJ:mKu_rENv82IC,Why do health professionals create content on social media? Uses and Gratifications of Egyptian “physician vloggers” on YouTube,,3,https://www.thejsms.org/index.php/JSMS/article/view/1287,2026-03-13 13:28:52
QW-eo0MAAAAJ,QW-eo0MAAAAJ:Xz60mAmATU4C,De la tecnocracia a la equidad y la sustentabilidad: por otra ciencia abierta,,3,https://homologacao-reciis.icict.fiocruz.br/index.php/reciis/article/view/3524,2026-03-13 13:29:00
QW-eo0MAAAAJ,QW-eo0MAAAAJ:8Xgff_V0N9gC,Made in Latin Ame-rica,,2,https://old-wp.scielo.org/wp-content/uploads/CETTO-A.M.-et-al..pdf,2026-03-19 17:47:17
QW-eo0MAAAAJ,QW-eo0MAAAAJ:qe6vwMD2xtsC,2. Inherent Tensions in Adopting New Scholarly Practices,,0,https://muse.jhu.edu/book/110103/pdf?pvk=book-110103-3b53cfdcea27c4a6697ac93c0a7f4382#page=32,2026-03-19 17:47:20
QW-eo0MAAAAJ,QW-eo0MAAAAJ:X9ykpCP0fEIC,"Jevin West, and Stefanie Haustein. 2018",,56,https://scholar.google.com/scholar?cluster=3316025791374682283&hl=en&oi=scholarr,2026-09-28 12:00:36
QW-eo0MAAAAJ,QW-eo0MAAAAJ:HtEfBTGE9r8C,"Measuring, rating, supporting, and strengthening open access scholarly publishing in Brazil",,26,https://www.redalyc.org/journal/2750/275043450033/html/,2026-09-28 12:00:40
QW-eo0MAAAAJ,QW-eo0MAAAAJ:IUKN3-7HHlwC,On the peripheries of scholarly infrastructure: A look at the journals using open journal systems,,16,https://summit.sfu.ca/item/16763,2026-09-28 12:00:43
QW-eo0MAAAAJ,QW-eo0MAAAAJ:SIv7DqKytYAC,Citation parsing and analysis with language models,,2,https://arxiv.org/abs/2505.15948,2026-09-28 12:00:50
QW-eo0MAAAAJ,QW-eo0MAAAAJ:wE-fMHVdjMkC,Estimating global article processing charges paid to 14 publishers for open access between 2019 and 2025,,0,https://arxiv.org/abs/2608.16322,2026-09-28 12:00:54
QW-eo0MAAAAJ,QW-eo0MAAAAJ:zdjWy_NXXwUC,"A dataset of article processing charges from 14 scholarly publishers, 2019-2025",,0,https://arxiv.org/abs/2608.14116,2026-09-28 12:00:57
QW-eo0MAAAAJ,QW-eo0MAAAAJ:hSRAE-fF4OAC,How moderation makes science: precautionary valuation and boundary-making in the early circulation of research,,0,https://eprints.whiterose.ac.uk/id/eprint/243369/,2026-09-28 12:01:01
QW-eo0MAAAAJ,QW-eo0MAAAAJ:27LrP4qxOz0C,Diamond Fractures: Tracing Journal Transitions Away from Diamond Open Access,,0,https://arxiv.org/abs/2606.31302,2026-09-28 12:01:05
QW-eo0MAAAAJ,QW-eo0MAAAAJ:-DxkuPiZhfEC,When Editors Revolt: Characterizing Journal Declarations of Independence,,0,https://arxiv.org/abs/2606.30394,2026-09-28 12:01:08
QW-eo0MAAAAJ,QW-eo0MAAAAJ:2v_ZtQDX9iAC,RenoBench: A Citation Parsing Benchmark,,0,https://arxiv.org/abs/2603.25640,2026-09-28 12:01:12
QW-eo0MAAAAJ,QW-eo0MAAAAJ:ghEM2AJqZyQC,Who Needs National Journals? Dissemination Strategies in Canadian Scholarly Communication,,0,https://www.erudit.org/en/journals/cjils/2026-v49-n2-cjils010969/1128771ar/,2026-09-28 12:01:16
QW-eo0MAAAAJ,QW-eo0MAAAAJ:CYCckWUYoCcC,[Keynote Presentation] Who owns our knowledge? Rethinking Publishing in a Scholar-Led World,,0,https://scholarworks.uni.edu/oaweek/2025/all/1/,2026-09-28 12:01:20
QW-eo0MAAAAJ,QW-eo0MAAAAJ:g5Ck-dwhA_QC,Banchi Hanuse and Elle-Máijá Tailfeathers: Film Screening and Panel Discussion,,0,https://summit.sfu.ca/item/20089,2026-09-28 12:01:24
QW-eo0MAAAAJ,QW-eo0MAAAAJ:YlPif8NxrbYC,"Who Owns, Publishes, and Governs Diamond Open Access? Institutional Arrangements Among Journals Using Open Journal Systems",,0,https://www.researchgate.net/profile/Mikael-Laakso/publication/412069553_Who_Owns_Publishes_and_Governs_Diamond_Open_Access_Institutional_Arrangements_Among_Journals_Using_Open_Journal_Systems/links/6a79c7870118d60611e3b608/Who-Owns-Publishes-and-Governs-Diamond-Open-Access-Institutional-Arrangements-Among-Journals-Using-Open-Journal-Systems.pdf,2026-09-28 12:01:28
QW-eo0MAAAAJ,QW-eo0MAAAAJ:v6i8RKmR8ToC,Open Scholarship Press• Open Scholarship Press Curated Volumes: Community,,0,https://assets.pubpub.org/7874b1kozwzuorcdrqcetvh9ct3oix0u.pdf,2026-09-28 12:01:31
QW-eo0MAAAAJ,QW-eo0MAAAAJ:mlAyqtXpCwEC,Open Access in Latin America: a Paragon for the Rest of the World,,0,https://www.academia.edu/download/123279189/25921d9d169c8625dd162fcbbdfd5339a20a.pdf,2026-09-28 12:01:35
